{
	"partitions" : [
		{
			"name" : "Top",
			"pins" : [
				{
					"name" : "LEDR[0]",
					"strict" : false
				},
				{
					"name" : "LEDR[1]",
					"strict" : false
				},
				{
					"name" : "LEDR[2]",
					"strict" : false
				},
				{
					"name" : "LEDR[3]",
					"strict" : false
				},
				{
					"name" : "LEDR[4]",
					"strict" : false
				},
				{
					"name" : "LEDR[5]",
					"strict" : false
				},
				{
					"name" : "LEDR[6]",
					"strict" : false
				},
				{
					"name" : "AUD_DACDAT",
					"strict" : false
				},
				{
					"name" : "FPGA_I2C_SCLK",
					"strict" : false
				},
				{
					"name" : "AUD_BCLK",
					"strict" : false
				},
				{
					"name" : "AUD_DACLRCK",
					"strict" : false
				},
				{
					"name" : "PS2_CLK",
					"strict" : false
				},
				{
					"name" : "PS2_DAT",
					"strict" : false
				},
				{
					"name" : "FPGA_I2C_SDAT",
					"strict" : false
				},
				{
					"name" : "CLOCK_50",
					"strict" : false
				},
				{
					"name" : "KEY[0]",
					"strict" : false
				},
				{
					"name" : "SW[0]",
					"strict" : false
				}
			]
		}
	]
}